production_cost,development_cost,marketing_cost
107834038,75483827,32350211
113618727,79533109,34085618
136395088,95476562,40918526
138304028,96812820,41491208
136092055,95264438,40827616
118085909,82660136,35425773
123746376,86622463,37123913
127527056,89268939,38258117
129326913,90528839,38798074
126897400,88828180,38069220
144604132,101222892,43381240
114143346,79900342,34243004
132821769,92975238,39846531
120045367,84031757,36013610
127018593,88913015,38105578
126256210,88379347,37876863
109505578,76653905,32851673
130158473,91110931,39047542
108684400,76079080,32605320
112841553,78989087,33852466
111677342,78174139,33503203
138027732,96619412,41408320
106241041,74368729,31872312
143182360,100227652,42954708
111848273,78293791,33554482
129203337,90442336,38761001
120071496,84050047,36021449
119016401,83311481,35704920
120294423,84206096,36088327
112690510,78883357,33807153
108040735,75628514,32412220
115602196,80921537,34680659
139697372,97788160,41909212
130573863,91401704,39172159
119818417,83872892,35945525
119986684,83990679,35996005
126283467,88398427,37885040
123015714,86111000,36904714
140722944,98506061,42216883
107719624,75403737,32315887
110588968,77412278,33176690
114250491,79975344,34275147
109570198,76699139,32871059
131087838,91761487,39326351
143105118,100173583,42931535
129483097,90638168,38844929
106947614,74863330,32084284
141264823,98885376,42379447
123053661,86137563,36916098
141815486,99270840,42544646
110885287,77619701,33265586
130086249,91060374,39025875
134957406,94470184,40487222
110505280,77353696,33151584
137800975,96460682,41340292
114658773,80261141,34397632
118864215,83204950,35659264
135429833,94800883,40628950
107440765,75208536,32232230
130832944,91583061,39249883
113838227,79686759,34151468
107403730,75182611,32221119
108303351,75812346,32491005
117569599,82298719,35270880
113512538,79458777,34053761
116027888,81219522,34808366
111089691,77762784,33326907
125170398,87619279,37551119
138082615,96657830,41424784
123575627,86502939,37072688
137263579,96084505,41179074
115555601,80888921,34666680
125655233,87958663,37696570
115312873,80719011,34593862
107816958,75471871,32345087
114098785,79869150,34229636
120484676,84339273,36145403
137961550,96573085,41388465
113198314,79238820,33959494
106711634,74698144,32013490
124178220,86924754,37253466
107094220,74965954,32128266
139317265,97522086,41795180
129258992,90481294,38777698
107555018,75288513,32266505
125295510,87706857,37588653
114252176,79976523,34275653
121287279,84901095,36386184
136571536,95600075,40971461
122340146,85638102,36702044
125109432,87576602,37532830
143415065,100390546,43024520
131975468,92382828,39592640
144018368,100812858,43205510
106110545,74277382,31833164
144388532,101071972,43316560
141712471,99198730,42513741
131371491,91960044,39411447
129211618,90448133,38763485
126309739,88416817,37892922
120321790,84225253,36096537
119071737,83350216,35721521
120089791,84062854,36026937
129666905,90766834,38900072
120007559,84005291,36002268
134976444,94483511,40492933
144206614,100944630,43261984
131628436,92139905,39488531
109211747,76448223,32763524
140188629,98132040,42056589
131210724,91847507,39363217
109919181,76943427,32975754
143022989,100116092,42906897
135620656,94934459,40686197
127612129,89328490,38283639
126737212,88716048,38021164
124912617,87438832,37473785
115353585,80747510,34606076
134551404,94185983,40365421
131811109,92267776,39543333
136953295,95867306,41085988
120830621,84581435,36249186
135928025,95149618,40778408
120043434,84030404,36013030
117415903,82191132,35224771
105935414,74154790,31780624
119466108,83626276,35839832
130364889,91255422,39109467
116433173,81503221,34929952
126174098,88321869,37852229
114333139,80033197,34299942
131383652,91968556,39415096
130482794,91337956,39144838
143545567,100481897,43063670
113430268,79401188,34029080
131657657,92160360,39497297
137351671,96146170,41205501
130770612,91539428,39231184
129377694,90564386,38813308
130018174,91012722,39005452
121264473,84885131,36379342
142767976,99937583,42830393
114930993,80451695,34479298
109949146,76964402,32984744
116878105,81814674,35063432
135462533,94823773,40638760
140206817,98144772,42062045
140703015,98492110,42210904
125347986,87743590,37604396
142974210,100081947,42892263
123476454,86433518,37042936
135256563,94679594,40576969
133581984,93507389,40074595
140441875,98309312,42132562
131290325,91903228,39387098
114218857,79953200,34265657
143804269,100662988,43141281
120827582,84579307,36248275
124121763,86885234,37236529
132869558,93008691,39860867
140093616,98065531,42028085
113619747,79533823,34085924
133563319,93494323,40068996
122039071,85427350,36611721
130522987,91366091,39156896
118601903,83021332,35580571
112341199,78638839,33702360
141422803,98995962,42426841
111027511,77719258,33308253
110572079,77400455,33171624
134195088,93936562,40258526
129964528,90975170,38989358
139264968,97485478,41779490
136113948,95279764,40834184
120843885,84590720,36253166
132414018,92689813,39724205
120022552,84015786,36006766
118050988,82635692,35415296
143784572,100649200,43135372
131826716,92278701,39548015
105868914,74108240,31760674
126605901,88624131,37981770
137173510,96021457,41152053
137200677,96040474,41160203
107037289,74926102,32111187
135364140,94754898,40609242
110467390,77327173,33140217
116926203,81848342,35077861
138110904,96677633,41433271
111729656,78210759,33518897
109158671,76411070,32747601
144629164,101240415,43388749
108970513,76279359,32691154
122563445,85794412,36769034
119140133,83398093,35742040
123155080,86208556,36946524
114545912,80182138,34363774
125196530,87637571,37558959
110386570,77270599,33115971
140006634,98004644,42001990
113780349,79646244,34134105
130974126,91681888,39292238
119435548,83604884,35830664
113643225,79550258,34092968
136035857,95225100,40810757
122248156,85573709,36674447
131922742,92345919,39576823
111367436,77957205,33410231
125738752,88017126,37721626
121024882,84717417,36307465
132203893,92542725,39661168
130603806,91422664,39181142
116846942,81792859,35054083
137869664,96508765,41360899
137081564,95957095,41124469
113797970,79658579,34139391
126776597,88743618,38032979
140576645,98403652,42172994
107824805,75477364,32347442
114365234,80055664,34309570
110394417,77276092,33118325
135098959,94569271,40529688
113055548,79138884,33916664
135263945,94684762,40579184
126203232,88342262,37860970
139357050,97549935,41807115
127411136,89187795,38223341
144575512,101202858,43372654
114927056,80448939,34478117
120350908,84245636,36105272
137911753,96538227,41373526
126774392,88742074,38032318
108678612,76075028,32603584
109142792,76399954,32742838
141560225,99092158,42468068
126399675,88479772,37919902
131117123,91781986,39335137
139112586,97378810,41733776
126161034,88312724,37848310
108781560,76147092,32634468
120103194,84072236,36030958
121309536,84916675,36392861
106686895,74680826,32006068
129295176,90506623,38788553
110779105,77545374,33233732
129215407,90450785,38764622
126981828,88887280,38094548
127435040,89204528,38230512
130098957,91069270,39029687
119546991,83682894,35864097
131654911,92158438,39496473
109732043,76812430,32919613
126939677,88857774,38081903
122128647,85490053,36638594
115460506,80822354,34638152
139419985,97593990,41825996
126785980,88750186,38035794
106082655,74257858,31824796
129469684,90628779,38840905
143521634,100465144,43056490
142769876,99938913,42830963
110140479,77098335,33042144
140189805,98132864,42056942
117885485,82519840,35365646
138570369,96999258,41571111
140887478,98621235,42266243
137178507,96024955,41153552
114895149,80426604,34468545
132240948,92568664,39672284
116983061,81888143,35094918
119826475,83878532,35947942
122080961,85456673,36624288
140188175,98131722,42056452
137846787,96492751,41354036
114817360,80372152,34445208
108781368,76146958,32634410
135243473,94670431,40573042
106278786,74395150,31883636
119479507,83635655,35843852
144014546,100810182,43204364
117670335,82369234,35301100
111510668,78057468,33453200
123951850,86766295,37185555
120399571,84279700,36119871
110364578,77255205,33109373
143263313,100284319,42978994
122047456,85433219,36614237
142657332,99860132,42797200
123897216,86728051,37169165
123776986,86643890,37133096
112685811,78880068,33805743
140211342,98147939,42063403
110417665,77292366,33125300
144508837,101156186,43352651
131273184,91891229,39381955
139435631,97604942,41830689
130981038,91686727,39294311
105983905,74188734,31795172
128607710,90025397,38582313
109381501,76567051,32814450
137657068,96359948,41297120
113185273,79229691,33955582
139580344,97706241,41874103
120542372,84379660,36162712
132748138,92923697,39824441
130111264,91077885,39033379
142471184,99729829,42741355
119845692,83891984,35953708
123754309,86628016,37126293
116353339,81447337,34906002
121538656,85077059,36461597
136132980,95293086,40839894
142701821,99891275,42810546
144217590,100952313,43265277
113831604,79682123,34149481
114729374,80310562,34418812
138095567,96666897,41428670
117032074,81922452,35109622
127989166,89592416,38396750
125407396,87785177,37622219
108399800,75879860,32519940
141805548,99263884,42541664
118224751,82757326,35467425
117368137,82157696,35210441
132350632,92645442,39705190
142722814,99905970,42816844
106898839,74829187,32069652
130706340,91494438,39211902
143048158,100133711,42914447
109931167,76951817,32979350
106864743,74805320,32059423
133445895,93412126,40033768
107033465,74923426,32110040
117954305,82568014,35386292
115838714,81087100,34751614
125931498,88152049,37779449
143434919,100404443,43030476
121576832,85103782,36473050
129665569,90765898,38899671
143159524,100211667,42947857
144416799,101091759,43325040
135722772,95005940,40716832
138016725,96611708,41405018
129138522,90396965,38741557
132357059,92649941,39707118
122334597,85634218,36700379
110423941,77296759,33127182
119480245,83636172,35844074
135850228,95095160,40755068
139528121,97669685,41858436
140579137,98405396,42173741
138011242,96607869,41403373
117252762,82076933,35175829
123422158,86395511,37026647
132899456,93029619,39869837
126647934,88653554,37994380
108840653,76188457,32652196
129947739,90963417,38984322
111634049,78143834,33490215
141608167,99125717,42482450
132754832,92928382,39826450
123357977,86350584,37007393
123741731,86619212,37122519
120688325,84481828,36206498
135438590,94807013,40631577
119183793,83428655,35755138
134630854,94241598,40389256
108651752,76056226,32595526
112594826,78816378,33778448
115433957,80803770,34630187
130540626,91378438,39162188
123979197,86785438,37193759
144391863,101074304,43317559
134878972,94415280,40463692
118543511,82980458,35563053
126905140,88833598,38071542
106205133,74343593,31861540
129074030,90351821,38722209
127834061,89483843,38350218
138328118,96829683,41498435
124817310,87372117,37445193
137971137,96579796,41391341
133060502,93142351,39918151
120559638,84391747,36167891
130236589,91165612,39070977
132983198,93088239,39894959
112564926,78795448,33769478
135378914,94765240,40613674
135083502,94558451,40525051
111250344,77875241,33375103
108235967,75765177,32470790
132200032,92540022,39660010
108632900,76043030,32589870
111143844,77800691,33343153
121886116,85320281,36565835
140757729,98530410,42227319
124847790,87393453,37454337
123715939,86601157,37114782
134330077,94031054,40299023
132500287,92750201,39750086
113950695,79765486,34185208
124643964,87250775,37393189
132015221,92410655,39604566
133320013,93324009,39996004
122753742,85927619,36826123
139891569,97924098,41967471
130696913,91487839,39209074
109505168,76653618,32851550
117289595,82102716,35186878
122851616,85996131,36855485
109667114,76766980,32900134
144517321,101162125,43355196
140489501,98342651,42146850
108986065,76290246,32695820
122992562,86094793,36897769
117014825,81910378,35104448
118092019,82664413,35427606
144065880,100846116,43219764
108011609,75608126,32403483
106116837,74281786,31835051
130785995,91550196,39235798
143289564,100302695,42986869
111873483,78311438,33562045
118268004,82787603,35480401
127124830,88987381,38137449
139697662,97788363,41909299
109643330,76750331,32892999
131538673,92077071,39461602
118872331,83210632,35661699
110130199,77091139,33039060
106458822,74521175,31937647
139135084,97394559,41740525
127149670,89004769,38144901
141089889,98762922,42326967
133095126,93166588,39928538
114257602,79980321,34277281
120160112,84112078,36048034
128381053,89866737,38514316
119395346,83576742,35818604
131014596,91710217,39304379
127581566,89307096,38274470
121197018,84837913,36359105
120044414,84031090,36013324
129747376,90823163,38924213
131709286,92196500,39512786
120848690,84594083,36254607
119484911,83639438,35845473
128673888,90071722,38602166
111010361,77707253,33303108
128990387,90293271,38697116
108108630,75676041,32432589
127911568,89538098,38373470
127098351,88968846,38129505
138194808,96736366,41458442
109943941,76960759,32983182
140804611,98563228,42241383
109935914,76955140,32980774
110373271,77261290,33111981
138758317,97130822,41627495
144332944,101033061,43299883
105000092,73500064,31500028
118327690,82829383,35498307
135421378,94794965,40626413
129839464,90887625,38951839
107435120,75204584,32230536
129917334,90942134,38975200
125420882,87794617,37626265
133434993,93404495,40030498
135844363,95091054,40753309
132464032,92724822,39739210
137492214,96244550,41247664
120007203,84005042,36002161
141184842,98829389,42355453
124014969,86810478,37204491
117826685,82478680,35348006
120553841,84387689,36166152
109235700,76464990,32770710
139876689,97913682,41963007
118316804,82821763,35495041
129633320,90743324,38889996
114552241,80186569,34365672
130381652,91267156,39114496
128294983,89806488,38488495
138648607,97054025,41594582
107378556,75164989,32213567
128988018,90291613,38696405
113112512,79178758,33933754
111372269,77960588,33411681
122229049,85560334,36668715
141501032,99050722,42450310
113882689,79717882,34164807
127766863,89436804,38330059
122835877,85985114,36850763
141493587,99045511,42448076
139142766,97399936,41742830
136793108,95755176,41037932
116521598,81565119,34956479
117114548,81980184,35134364
109039032,76327322,32711710
109091486,76364040,32727446
142562836,99793985,42768851
110523652,77366556,33157096
135039338,94527537,40511801
107042578,74929805,32112773
136614530,95630171,40984359
108580393,76006275,32574118
119414317,83590022,35824295
110702619,77491833,33210786
118589970,83012979,35576991
107851550,75496085,32355465
109809380,76866566,32942814
138274078,96791855,41482223
128762182,90133527,38628655
105963549,74174484,31789065
125959271,88171490,37787781
127671815,89370270,38301544
115886785,81120750,34766036
109753169,76827218,32925951
136648199,95653739,40994460
110041468,77029028,33012440
131633154,92143208,39489946
109365226,76555658,32809568
117314187,82119931,35194256
130877469,91614228,39263241
139938741,97957119,41981622
131663074,92164152,39498922
136777787,95744451,41033336
126891599,88824119,38067480
110113722,77079605,33034117
117410986,82187690,35223296
118353131,82847192,35505939
112856556,78999589,33856967
126854855,88798398,38056456
118956064,83269245,35686819
127486741,89240719,38246022
110667608,77467326,33200282
141320466,98924326,42396140
124102950,86872065,37230885
131645432,92151802,39493630
136469192,95528434,40940758
116071812,81250268,34821544
123558016,86490611,37067405
132807947,92965563,39842384
123869983,86708988,37160995
111759850,78231895,33527955
136754811,95728368,41026443
131953348,92367344,39586004
105904305,74133014,31771292
121798596,85259017,36539579
124479731,87135812,37343919
128104911,89673438,38431473
112295349,78606744,33688605
109409088,76586362,32822726
122355364,85648755,36706609
110259727,77181809,33077918
143193436,100235405,42958031
137027566,95919296,41108270
128345996,89842197,38503799
122346647,85642653,36703994
143683948,100578764,43105184
124895739,87427017,37468722
115549600,80884720,34664880
106533216,74573251,31959965
129693920,90785744,38908176
134234415,93964090,40270324
112749009,78924306,33824703
107311314,75117920,32193394
121952913,85367039,36585874
131031839,91722287,39309552
140366839,98256787,42110052
142920260,100044182,42876078
108748420,76123894,32624526
109723934,76806754,32917180
119991468,83994028,35997440
112187327,78531129,33656198
106235982,74365187,31870795
105958182,74170727,31787455
136104621,95273235,40831386
135345625,94741938,40603688
132065112,92445578,39619534
124735989,87315192,37420797
106502812,74551968,31950844
108055774,75639042,32416732
140863260,98604282,42258978
141164207,98814945,42349262
130836060,91585242,39250818
125899748,88129824,37769924
144751588,101326112,43425476
123952461,86766723,37185738
114295838,80007087,34288751
136940448,95858314,41082134
107378779,75165145,32213634
128364806,89855364,38509442
131474775,92032342,39442432
140580827,98406579,42174248
142237349,99566144,42671205
114128657,79890060,34238597
125459472,87821630,37637842
122951106,86065774,36885332
136885205,95819644,41065562
142735741,99915019,42820722
117833817,82483672,35350145
126129902,88290931,37838971
112897166,79028016,33869150
131008289,91705802,39302487
120549159,84384411,36164748
110908746,77636122,33272624
115005460,80503822,34501638
126309078,88416355,37892723
125338750,87737125,37601625
140204270,98142989,42061281
144509689,101156782,43352907
119216170,83451319,35764851
117524973,82267481,35257492
118865310,83205717,35659593
121300018,84910013,36390005
111434347,78004043,33430304
119642242,83749569,35892673
142089762,99462833,42626929
107740722,75418505,32322217
114122330,79885631,34236699
113740610,79618427,34122183
130918687,91643081,39275606
115600743,80920520,34680223
142741746,99919222,42822524
125586917,87910842,37676075
139224812,97457368,41767444
130070037,91049026,39021011
109081618,76357133,32724485
135442750,94809925,40632825
137207792,96045454,41162338
119824355,83877048,35947306
141633440,99143408,42490032
109743810,76820667,32923143
126749888,88724922,38024966
124773815,87341670,37432144
116533466,81573426,34960040
117143522,82000465,35143057
111654103,78157872,33496231
111392695,77974886,33417808
115351534,80746074,34605460
112276713,78593699,33683014
132292652,92604856,39687796
115465925,80826148,34639778
111960292,78372204,33588088
142535813,99775069,42760744
124697338,87288137,37409201
143269007,100288305,42980702
139395930,97577151,41818779
122261381,85582967,36678414
119824342,83877039,35947303
120497061,84347943,36149118
105419885,73793920,31625966
107665204,75365643,32299561
136811438,95768007,41043431
131318849,91923194,39395655
116655240,81658668,34996572
141631253,99141877,42489376
127777552,89444286,38333266
106563597,74594518,31969079
133690824,93583577,40107247
136448783,95514148,40934635
135080140,94556098,40524042
118600235,83020164,35580070
115449504,80814653,34634851
140993782,98695647,42298135
127988487,89591941,38396546
121842173,85289521,36552652
143777371,100644160,43133211
128646081,90052257,38593824
141044859,98731401,42313458
109502511,76651758,32850753
111909540,78336678,33572862
131074295,91752006,39322288
114866511,80406558,34459953
106041141,74228799,31812342
141179401,98825581,42353820
132392603,92674822,39717781
107809121,75466385,32342736
114227846,79959492,34268354
129145277,90401694,38743583
144236864,100965805,43271059
122005281,85403697,36601584
111708973,78196281,33512692
128315343,89820740,38494603
109863371,76904360,32959011
124734645,87314252,37420394
130090556,91063389,39027167
110912364,77638655,33273709
118668911,83068238,35600673
119669745,83768822,35900924
142302459,99611721,42690738
111975449,78382814,33592635
106956793,74869755,32087038
125587625,87911338,37676288
119995784,83997049,35998735
139943968,97960778,41983190
108637230,76046061,32591169
111285268,77899688,33385580
141773837,99241686,42532151
132051756,92436229,39615527
106547885,74583520,31964366
135056360,94539452,40516908
107524208,75266946,32257262
134430000,94101000,40329000
117062774,81943942,35118832
122871821,86010275,36861546
124277628,86994340,37283288
144387214,101071050,43316164
142496433,99747503,42748930
107462689,75223882,32238807
117857226,82500058,35357168
120257142,84179999,36077143
105978728,74185110,31793618
144088466,100861926,43226540
108400719,75880503,32520216
119767621,83837335,35930286
119230632,83461442,35769190
118544220,82980954,35563266
113603897,79522728,34081169
139517817,97662472,41855345
109631033,76741723,32889310
144354658,101048261,43306397
122537405,85776184,36761222
121652845,85156992,36495854
115806638,81064647,34741991
127891348,89523944,38367404
112651138,78855797,33795341
128089059,89662341,38426718
125680869,87976608,37704261
111869510,78308657,33560853
123374687,86362281,37012406
141034510,98724157,42310353
125868118,88107683,37760435
115461752,80823226,34638526
123797530,86658271,37139259
114421107,80094775,34326332
107350197,75145138,32205059
114060689,79842482,34218207
113324559,79327191,33997368
118384426,82869098,35515328
121350717,84945502,36405215
127765035,89435524,38329510
122212608,85548826,36663782
112793622,78955535,33838087
109924215,76946950,32977264
142087208,99461046,42626162
134010590,93807413,40203177
135396663,94777664,40618999
134606346,94224442,40381904
114097974,79868582,34229392
111916376,78341463,33574913
133160717,93212502,39948215
115037671,80526370,34511301
134572706,94200894,40371812
136661451,95663016,40998435
110616931,77431852,33185079
136956937,95869856,41087081
111893666,78325566,33568100
116590498,81613349,34977149
111113227,77779259,33333968
135817015,95071910,40745104
105032603,73522822,31509781
133277916,93294541,39983375
123760859,86632601,37128258
129063880,90344716,38719164
143261246,100282872,42978374
122385172,85669620,36715552
131619672,92133770,39485902
144656977,101259884,43397093
133337648,93336354,40001294
140774134,98541894,42232240
137306871,96114810,41192061
133222650,93255855,39966795
106126992,74288894,31838098
121596124,85117287,36478837
127513606,89259524,38254082
111837282,78286097,33551185
137561974,96293382,41268592
120714140,84499898,36214242
129148496,90403947,38744549
122345830,85642081,36703749
130622632,91435842,39186790
142187209,99531046,42656163
143428642,100400049,43028593
107136098,74995269,32140829
134992212,94494548,40497664
129351560,90546092,38805468
108748261,76123783,32624478
126407062,88484943,37922119
120722078,84505455,36216623
120242196,84169537,36072659
106969443,74878610,32090833
135849867,95094907,40754960
112720353,78904247,33816106
115939135,81157394,34781740
120674611,84472228,36202383
124750992,87325694,37425298
118088832,82662182,35426650
112636869,78845808,33791061
139195891,97437124,41758767
134186279,93930395,40255884
115259406,80681584,34577822
138645884,97052119,41593765
113795130,79656591,34138539
143701609,100591126,43110483
119514880,83660416,35854464
108730839,76111587,32619252
139891224,97923857,41967367
140998967,98699277,42299690
128940283,90258198,38682085
123708194,86595736,37112458
140080273,98056191,42024082
130705678,91493975,39211703
132236976,92565883,39671093
141768674,99238072,42530602
112459919,78721943,33737976
126972489,88880742,38091747
143486177,100440324,43045853
111970306,78379214,33591092
125671951,87970366,37701585
116613396,81629377,34984019
112581990,78807393,33774597
119308710,83516097,35792613
126213601,88349521,37864080
133551982,93486387,40065595
118689504,83082653,35606851
115530570,80871399,34659171
140159144,98111401,42047743
114007212,79805048,34202164
109155641,76408949,32746692
115475801,80833061,34642740
135345598,94741919,40603679
110140033,77098023,33042010
132746412,92922488,39823924
136119000,95283300,40835700
130455383,91318768,39136615
111989749,78392824,33596925
118522415,82965690,35556724
139910947,97937663,41973284
131150104,91805073,39345031
116761032,81732722,35028310
128410409,89887286,38523123
133319955,93323968,39995986
125663977,87964784,37699193
122657015,85859910,36797104
133028402,93119881,39908521
133361585,93353110,40008476
110021330,77014931,33006399
113476289,79433402,34042887
124441777,87109244,37332533
107647441,75353209,32294232
109666009,76766206,32899803
122291783,85604248,36687535
144885911,101420138,43465773
115601621,80921135,34680486
133273120,93291184,39981936
119092759,83364931,35727828
106908372,74835860,32072512
132714289,92900002,39814287
128407826,89885478,38522348
117339710,82137797,35201913
131235747,91865023,39370724
129933358,90953351,38980007
144235332,100964732,43270600
109318487,76522941,32795546
110768147,77537703,33230444
139061840,97343288,41718552
116209024,81346317,34862707
121317239,84922067,36395172
136569845,95598892,40970954
136070039,95249027,40821012
129970752,90979526,38991226
138668539,97067977,41600562
130759229,91531460,39227769
111526670,78068669,33458001
129411986,90588390,38823596
136190826,95333578,40857248
129106950,90374865,38732085
121937301,85356111,36581190
113897211,79728048,34169163
136737101,95715971,41021130
133450813,93415569,40035244
116858660,81801062,35057598
140276348,98193444,42082904
132832087,92982461,39849626
144444932,101111452,43333480
126134905,88294434,37840472
126845787,88792051,38053736
130655376,91458763,39196613
129390260,90573182,38817078
133147722,93203405,39944317
114829330,80380531,34448799
141180819,98826573,42354246
108893893,76225725,32668168
130837312,91586118,39251194
120381897,84267328,36114569
138398625,96879038,41519588
137480687,96236481,41244206
137976658,96583661,41392997
143220061,100254043,42966018
106602753,74621927,31980826
135118334,94582834,40535500
114867408,80407186,34460222
110016027,77011219,33004808
121792552,85254786,36537766
111661565,78163096,33498470
133414105,93389874,40024232
137967234,96577064,41390170
113622793,79535955,34086838
128783967,90148777,38635190
144805956,101364169,43441787
113939711,79757798,34181913
108602462,76021723,32580739
137983473,96588431,41395042
133506378,93454465,40051913
122372270,85660589,36711681
125835234,88084664,37750570
112977502,79084251,33893251
139660368,97762258,41898110
136552618,95586833,40965785
120226491,84158544,36067947
110521977,77365384,33156593
143338325,100336828,43001498
114908870,80436209,34472661
120409822,84286875,36122947
142434607,99704225,42730382
135567809,94897466,40670343
125972242,88180569,37791673
130183501,91128451,39055050
113234405,79264084,33970322
109024490,76317143,32707347
121041708,84729196,36312512
127269429,89088600,38180829
125059571,87541700,37517871
124848563,87393994,37454569
141924207,99346945,42577262
123362929,86354050,37008879
120738895,84517226,36221668
128212076,89748453,38463623
137669276,96368493,41300783
125957501,88170251,37787250
142669464,99868625,42800839
119474686,83632280,35842406
131730920,92211644,39519276
108711900,76098330,32613570
134895001,94426501,40468500
111450992,78015694,33435298
144729920,101310944,43418976
116404295,81483006,34921288
135013240,94509268,40503972
116990038,81893027,35097011
112518661,78763063,33755598
142318509,99622956,42695553
143907972,100735580,43172392
135108773,94576141,40532632
114546635,80182644,34363990
120570895,84399626,36171268
140759292,98531504,42227788
140602236,98421565,42180671
139316239,97521367,41794872
124619210,87233447,37385763
107855297,75498708,32356589
127565039,89295527,38269512
111604625,78123238,33481388
117588940,82312258,35276682
122281727,85597209,36684518
114146219,79902353,34243866
115223734,80656614,34567120
143252036,100276425,42975611
133056153,93139307,39916846
110163004,77114103,33048901
132348580,92644006,39704574
113553753,79487627,34066126
115597407,80918185,34679222
121600447,85120313,36480134
135255360,94678752,40576608
120528012,84369608,36158404
130041024,91028717,39012307
130662301,91463611,39198690
120489271,84342490,36146781
116779203,81745442,35033761
132943149,93060204,39882945
121531075,85071752,36459322
125660054,87962038,37698016
117854313,82498019,35356294
107496201,75247341,32248860
107865359,75505751,32359608
121697837,85188486,36509351
106428254,74499778,31928476
136565704,95595993,40969711
111284709,77899296,33385413
120276819,84193773,36083046
135827097,95078968,40748129
109138762,76397133,32741629
124293510,87005457,37288053
124715153,87300607,37414546
113139245,79197472,33941774
121118239,84782767,36335472
140149811,98104868,42044943
123391653,86374157,37017496
111021918,77715343,33306575
121554294,85088006,36466288
127406895,89184826,38222068
142920808,100044566,42876242
138932128,97252490,41679638
108749588,76124712,32624876
129527598,90669319,38858279
144005109,100803576,43201533
139919404,97943583,41975821
121658442,85160909,36497533
131673872,92171710,39502162
114451353,80115947,34335406
121268642,84888049,36380593
139757246,97830072,41927174
136869092,95808364,41060728
112649044,78854331,33794713
108316406,75821484,32494922
132779706,92945794,39833912
136880050,95816035,41064015
124723945,87306762,37417184
126082168,88257518,37824650
109662911,76764038,32898873
124724403,87307082,37417321
122256526,85579568,36676958
139286803,97500762,41786041
123729831,86610882,37118949
110472676,77330873,33141803
133340017,93338012,40002005
137355526,96148868,41206658
120499143,84349400,36149743
127370733,89159513,38211220
139491375,97643962,41847412
112030733,78421513,33609220
105238643,73667050,31571593
114161035,79912724,34248310
125257403,87680182,37577221
138569739,96998817,41570922
106608683,74626078,31982605
126600675,88620472,37980202
141186686,98830680,42356006
119810770,83867539,35943231
120953138,84667197,36285941
122391649,85674154,36717495
106922867,74846007,32076860
135332281,94732597,40599684
137215858,96051101,41164757
121540020,85078014,36462006
114359078,80051355,34307723
109775613,76842929,32932684
107947215,75563050,32384164
132124343,92487040,39637303
121001937,84701356,36300581
109926025,76948218,32977808
122254689,85578282,36676407
124150814,86905570,37245244
141768882,99238217,42530665
136154387,95308071,40846316
108506093,75954265,32551828
133048966,93134276,39914690
140039070,98027349,42011721
143752873,100627011,43125862
140430806,98301564,42129242
114866667,80406667,34460000
134773932,94341752,40432180
105185189,73629632,31555557
110564952,77395466,33169486
113240959,79268671,33972288
136650919,95655643,40995276
138766461,97136523,41629938
110024426,77017098,33007328
141879538,99315677,42563861
144756350,101329445,43426905
111543147,78080203,33462944
119387859,83571501,35816358
107495008,75246506,32248502
110219523,77153666,33065857
113744971,79621480,34123491
109192202,76434541,32757661
105140022,73598015,31542007
114922950,80446065,34476885
144054241,100837969,43216272
141563225,99094258,42468968
128634886,90044420,38590466
106031981,74222387,31809594
118594061,83015843,35578218
131872155,92310508,39561646
136625908,95638136,40987772
105986656,74190659,31795997
139148232,97403762,41744470
114958178,80470725,34487453
107445815,75212070,32233744
115914027,81139819,34774208
140305855,98214098,42091756
108863104,76204173,32658931
111089210,77762447,33326763
110274358,77192051,33082307
108326437,75828506,32497931
124719155,87303408,37415746
140691876,98484313,42207563
124749707,87324795,37424912
123695043,86586530,37108513
129117567,90382297,38735270
132841695,92989186,39852508
126238989,88367292,37871697
112120127,78484089,33636038
121506863,85054804,36452059
115788893,81052225,34736668
139759444,97831611,41927833
138805413,97163789,41641624
118286643,82800650,35485993
138172308,96720616,41451692
127187389,89031172,38156217
120981026,84686718,36294308
144706892,101294824,43412068
111259373,77881561,33377812
106217104,74351973,31865131
144357272,101050090,43307182
124884875,87419412,37465462
116752105,81726474,35025632
129275659,90492961,38782698
127248686,89074080,38174606
114437759,80106431,34331328
134548413,94183889,40364524
119384759,83569331,35815428
109953866,76967706,32986160
107672033,75370423,32301610
108843699,76190589,32653110
135765464,95035825,40729639
113896763,79727734,34169029
136220341,95354239,40866102
125146920,87602844,37544076
116114655,81280258,34834396
129250911,90475638,38775273
132038701,92427091,39611610
143188692,100232084,42956608
130041313,91028919,39012394
129551240,90685868,38865372
117938972,82557280,35381692
116088127,81261689,34826438
105279919,73695943,31583976
142372945,99661062,42711884
141612572,99128800,42483772
129863985,90904790,38959196
125918874,88143212,37775662
137746306,96422414,41323892
128332176,89832523,38499653
141400224,98980157,42420067
130979881,91685917,39293964
142694529,99886170,42808359
116506192,81554334,34951858
105839265,74087486,31751780
120519203,84363442,36155761
124213305,86949314,37263992
126293912,88405738,37888174
138626107,97038275,41587832
122742636,85919845,36822791
120542183,84379528,36162655
116886680,81820676,35066004
110970639,77679447,33291192
112148998,78504299,33644699
115187537,80631276,34556261
131694078,92185855,39508223
133847899,93693529,40154370
136353537,95447476,40906061
115081114,80556780,34524334
117702156,82391509,35310647
107445138,75211597,32233541
141869082,99308357,42560725
107432868,75203008,32229860
127187543,89031280,38156263
119863063,83904144,35958919
118167200,82717040,35450160
139191160,97433812,41757348
116754888,81728422,35026466
133822347,93675643,40146704
117916949,82541864,35375085
119120252,83384176,35736076
138979769,97285838,41693931
126441030,88508721,37932309
130505981,91354187,39151794
139309449,97516614,41792835
118975135,83282594,35692540
126859763,88801834,38057929
141296800,98907760,42389040
130835733,91585013,39250720
144626988,101238892,43388096
121716330,85201431,36514899
116572190,81600533,34971657
119047317,83333122,35714195
143731035,100611724,43119310
120147919,84103543,36044376
111163107,77814175,33348932
131771012,92239708,39531304
134365985,94056190,40309796
131081007,91756705,39324302
136318649,95423054,40895595
132694794,92886356,39808438
116751714,81726200,35025514
141843901,99290731,42553170
143997554,100798288,43199266
109876491,76913544,32962947
107336709,75135696,32201013
108561432,75993002,32568430
114192414,79934690,34257724
121710775,85197542,36513232
111268899,77888229,33380670
107268406,75087884,32180522
122625223,85837656,36787567
132943687,93060581,39883106
130999750,91699825,39299925
130754141,91527899,39226242
128029744,89620821,38408923
119102709,83371896,35730813
130858105,91600674,39257432
143051043,100135730,42915313
138532311,96972618,41559693
137804992,96463494,41341498
123700638,86590447,37110191
105407694,73785386,31622308
109197186,76438030,32759156
106897272,74828090,32069182
120713683,84499578,36214105
126345022,88441515,37903507
112036125,78425288,33610838
116074508,81252156,34822352
139699800,97789860,41909940
112438737,78707116,33731621
126081570,88257099,37824471
120467627,84327339,36140288
126398570,88478999,37919571
137437223,96206056,41231167
122923639,86046547,36877092
108464668,75925268,32539400
135861562,95103093,40758469
115274287,80692001,34582286
127042720,88929904,38112816
117416779,82191745,35225034
132872183,93010528,39861655
129272406,90490684,38781722
129948354,90963848,38984506
133086436,93160505,39925931
134601001,94220701,40380300
121287422,84901195,36386227
108296208,75807346,32488862
110710727,77497509,33213218
115110792,80577554,34533238
134103347,93872343,40231004
144503970,101152779,43351191
114127466,79889226,34238240
142906688,100034682,42872006
143197768,100238438,42959330
117855304,82498713,35356591
108164457,75715120,32449337
140255903,98179132,42076771
127775698,89442989,38332709
118705632,83093942,35611690
128894239,90225967,38668272
107462724,75223907,32238817
107397359,75178151,32219208
136716504,95701553,41014951
124391904,87074333,37317571
138960897,97272628,41688269
117626392,82338474,35287918
118549046,82984332,35564714
120376586,84263610,36112976
109103972,76372780,32731192
144169440,100918608,43250832
119958325,83970828,35987498
129517848,90662494,38855354
134460716,94122501,40338215
116039282,81227497,34811785
112667257,78867080,33800177
139992993,97995095,41997898
118441105,82908774,35532332
124102189,86871532,37230657
120778082,84544657,36233425
140811065,98567746,42243320
132323569,92626498,39697071
139981920,97987344,41994576
119144202,83400941,35743261
115624187,80936931,34687256
142205156,99543609,42661547
136641627,95649139,40992488
140980894,98686626,42294268
119959914,83971940,35987974
118303506,82812454,35491052
125132817,87592972,37539845
141254431,98878102,42376329
137063273,95944291,41118982
134754556,94328189,40426367
128763977,90134784,38629193
138277897,96794528,41483369
129782178,90847525,38934653
110711828,77498280,33213548
120692930,84485051,36207879
135687405,94981184,40706222
144023992,100816794,43207198
138151727,96706209,41445518
108554600,75988220,32566380
135207543,94645280,40562263
116593061,81615143,34977918
116537829,81576480,34961349
105570537,73899376,31671161
108445180,75911626,32533554
133543384,93480369,40063015
143754737,100628316,43126421
132539487,92777641,39761846
142486497,99740548,42745949
119521550,83665085,35856465
105986443,74190510,31795933
124695497,87286848,37408649
125719145,88003402,37715744
136189119,95332383,40856736
133486835,93440784,40046050
117796219,82457353,35338866
117732048,82412434,35319614
130164971,91115480,39049491
112319736,78623815,33695921
138675204,97072643,41602561
113014170,79109919,33904251
130334599,91234219,39100380
107776734,75443714,32333020
128329627,89830739,38498888
126649345,88654542,37994804
143704529,100593170,43111359
115964716,81175301,34789415
111673515,78171460,33502054
141799829,99259880,42539949
139976384,97983469,41992915
122517478,85762235,36755243
113509883,79456918,34052965
131915422,92340795,39574627
125993037,88195126,37797911
141547772,99083440,42464332
130630925,91441648,39189278
133480612,93436428,40044184
141453541,99017479,42436062
106026744,74218721,31808023
113212995,79249096,33963898
129931890,90952323,38979567
134887214,94421050,40466164
130058581,91041007,39017574
142895464,100026825,42868639
125563159,87894211,37668948
125858792,88101154,37757638
106778951,74745266,32033685
141847301,99293111,42554190
108532270,75972589,32559681
105601942,73921359,31680583
144414635,101090244,43324390
124400845,87080592,37320254
112290268,78603188,33687080
129536951,90675866,38861085
139575076,97702553,41872523
120603631,84422542,36181089
121558724,85091107,36467617
116668883,81668218,35000665
120201753,84141227,36060526
113587069,79510948,34076121
120295796,84207057,36088739
122671270,85869889,36801381
115455990,80819193,34636797
115338966,80737276,34601690
119666707,83766695,35900012
110708097,77495668,33212429
115239471,80667630,34571841
142942187,100059531,42882656
106481846,74537292,31944554
136049478,95234635,40814843
138480567,96936397,41544170
133916669,93741668,40175001
117256059,82079241,35176818
120138703,84097092,36041611
142799731,99959812,42839919
105905747,74134023,31771724
135044931,94531452,40513479
132558534,92790974,39767560
108973381,76281367,32692014
142767654,99937358,42830296
110304235,77212964,33091270
120877879,84614515,36263364
108362153,75853507,32508646
111166030,77816221,33349809
131685590,92179913,39505677
128470314,89929220,38541094
110635062,77444543,33190519
124296682,87007677,37289005
109627254,76739078,32888176
142460202,99722141,42738061
118382650,82867855,35514795
140480921,98336645,42144276
137836272,96485390,41350882
109360134,76552094,32808040
117890421,82523295,35367126
140579855,98405898,42173956
123281745,86297222,36984524
128404103,89882872,38521231
108197080,75737956,32459124
110102770,77071939,33030831
108663219,76064253,32598966
123818002,86672601,37145401
130184091,91128864,39055227
119700885,83790620,35910266
117673345,82371342,35302004
144840604,101388423,43452181
113932153,79752507,34179646
139819041,97873329,41945712
115337266,80736086,34601180
123565427,86495799,37069628
107290206,75103144,32187062
137179860,96025902,41153958
124882958,87418071,37464887
108402696,75881887,32520809
138889345,97222542,41666804
105867153,74107007,31760146
106521249,74564874,31956375
106021147,74214803,31806344
126387827,88471479,37916348
117906329,82534430,35371899
120805125,84563588,36241538
